{"cameraMode":{"drawMode":0,"name":"Shaded","section":"Shading Mode"},"sceneLighting":false,"audioPlay":false,"sceneViewState":{"showFog":true,"showMaterialUpdate":false,"showSkybox":false,"showFlares":true,"showImageEffects":true,"showParticleSystems":true},"in2DMode":false,"pivot":{"x":146.72146606445313,"y":460.3842468261719,"z":10.4261474609375},"rotation":{"x":-0.055781081318855289,"y":-0.0020848445128649475,"z":0.00011653445835690945,"w":-0.9984408617019653},"size":161.0983123779297,"orthographic":false}