{"cameraMode":{"drawMode":0,"name":"Shaded","section":"Shading Mode"},"sceneLighting":false,"audioPlay":false,"sceneViewState":{"showFog":true,"showMaterialUpdate":false,"showSkybox":false,"showFlares":true,"showImageEffects":true,"showParticleSystems":true},"in2DMode":false,"pivot":{"x":0.0,"y":30.000001907348634,"z":11.380661010742188},"rotation":{"x":0.5423376560211182,"y":0.17466965317726136,"z":-0.11644599586725235,"w":0.8135113716125488},"size":445.4342346191406,"orthographic":true}